,,,ISBN
,,,9784023323780 
,,,9784866511245 
,,,9784046001818 
,,,9784801400900 
,,,9784046046475 
,,,9784877713836 
,,,9784152093929 
,,,9784866511122 
,,,9784835650012 
,,,9784478114131 
,,,9784344040502 
,,,9784478116982 
,,,9784199060380 
,,,9784801400603 
,,,9784344426399 
,,,9784300105177 
,,,9784300105214 
,,,9784046050212 
,,,9784065154960 
,,,9784296203468 
,,,9784866809014 
,,,9784480864246 
,,,9784480864253 
,,,9784478108192 
,,,9784532359119 
,,,9784296115877 
,,,9784532357856 
,,,9784822244576 
,,,9784775972786 
,,,9784910364261 
,,,9784296100514 
,,,9784894517837 
,,,9784775972328 
,,,9784022951670 
,,,
,,,9784866510422 
,,,9784800720818 
,,,9784046044150 
,,,9784822244699 
,,,9784091897008 
,,,9784022950185 
,,,9784862505408 
,,,9784341088644 
,,,9784297146245 
,,,9784594090128 
,,,9784341087630 
,,,9784797365993 
,,,9784341086015 
,,,9784478001547 
,,,9784341085742 
,,,9784478023600 
,,,9784344412736 
,,,9784799312629 
,,,9784022737823 
,,,9784478102480 
,,,
,,,
,,,9784837957461 
,,,9784822289607 
,,,9784778315306 
,,,9784484222028 
,,,9784065170120 
,,,9784815604233 
,,,9784334046552 
,,,9784863940390 
,,,9784408395821 
,,,9784087860115 
,,,9784478109687 
,,,9784106106637 
,,,9784866514970 
,,,9784492534328 
,,,9784492534434 
,,,9784763139795 
,,,9784091434982 
,,,9784197735815 
,,,9784022140227 
,,,9784267870040 
,,,978-4091439079
,,,9784761270438 
,,,9784761275815 
,,,9784894514652 
,,,9784761276157 
,,,9784594085315 
,,,9784865811643 
,,,9784492046241 
,,,9784478106891 
,,,9784087717792 
,,,9784594082727 
,,,9784569841007 
,,,9784478113899 
,,,9784799330401 
,,,9784893469410 
,,,9784152094339 
,,,9784798152431 
,,,9784297103583 
,,,9784479792727 
,,,9784861136337 
,,,9784827206814 
,,,9784844373155 
,,,9784860636517 
,,,9784909044228 
,,,9784778315504 
,,,9784532323677 
,,,9784788717947 
,,,9784046065124 
,,,9784480071279 
,,,9784492047668 
,,,9784023322622 
,,,9784535574755 
,,,9784492555774 
,,,9784492531129 
,,,9784569847160 
,,,9784815603076 
,,,9784763138019 
,,,9784484212258 
,,,9784800712738 
,,,9784815618469 
,,,9784873115658 
,,,9784798039251 
,,,9784296001231 
,,,9784296000197 
,,,9784797382228 
,,,9784798046143 
,,,9784864010054 
,,,9784873115719 
,,,9784478103395 
,,,9784839955557 
,,,9784863542204 
,,,9784023322776 
,,,9784344033597 
,,,9784344979871 
,,,9784092591301 